filepath,label
C:\Users\kucuk\Desktop\ses_verileri\Actor_01\03-01-01-01-01-01-01.wav,0
C:\Users\kucuk\Desktop\ses_verileri\Actor_01\03-01-01-01-01-02-01.wav,0
C:\Users\kucuk\Desktop\ses_verileri\Actor_01\03-01-01-01-02-01-01.wav,0
C:\Users\kucuk\Desktop\ses_verileri\Actor_01\03-01-01-01-02-02-01.wav,0
C:\Users\kucuk\Desktop\ses_verileri\Actor_01\03-01-02-01-01-01-01.wav,1
C:\Users\kucuk\Desktop\ses_verileri\Actor_01\03-01-02-01-01-02-01.wav,1
C:\Users\kucuk\Desktop\ses_verileri\Actor_01\03-01-02-01-02-01-01.wav,1
C:\Users\kucuk\Desktop\ses_verileri\Actor_01\03-01-02-01-02-02-01.wav,1
C:\Users\kucuk\Desktop\ses_verileri\Actor_01\03-01-02-02-01-01-01.wav,1
C:\Users\kucuk\Desktop\ses_verileri\Actor_01\03-01-02-02-01-02-01.wav,1
C:\Users\kucuk\Desktop\ses_verileri\Actor_01\03-01-02-02-02-01-01.wav,1
C:\Users\kucuk\Desktop\ses_verileri\Actor_01\03-01-02-02-02-02-01.wav,1
C:\Users\kucuk\Desktop\ses_verileri\Actor_01\03-01-03-01-01-01-01.wav,2
C:\Users\kucuk\Desktop\ses_verileri\Actor_01\03-01-03-01-01-02-01.wav,2
C:\Users\kucuk\Desktop\ses_verileri\Actor_01\03-01-03-01-02-01-01.wav,2
C:\Users\kucuk\Desktop\ses_verileri\Actor_01\03-01-03-01-02-02-01.wav,2
C:\Users\kucuk\Desktop\ses_verileri\Actor_01\03-01-03-02-01-01-01.wav,2
C:\Users\kucuk\Desktop\ses_verileri\Actor_01\03-01-03-02-01-02-01.wav,2
C:\Users\kucuk\Desktop\ses_verileri\Actor_01\03-01-03-02-02-01-01.wav,2
C:\Users\kucuk\Desktop\ses_verileri\Actor_01\03-01-03-02-02-02-01.wav,2
C:\Users\kucuk\Desktop\ses_verileri\Actor_01\03-01-04-01-01-01-01.wav,3
C:\Users\kucuk\Desktop\ses_verileri\Actor_01\03-01-04-01-01-02-01.wav,3
C:\Users\kucuk\Desktop\ses_verileri\Actor_01\03-01-04-01-02-01-01.wav,3
C:\Users\kucuk\Desktop\ses_verileri\Actor_01\03-01-04-01-02-02-01.wav,3
C:\Users\kucuk\Desktop\ses_verileri\Actor_01\03-01-04-02-01-01-01.wav,3
C:\Users\kucuk\Desktop\ses_verileri\Actor_01\03-01-04-02-01-02-01.wav,3
C:\Users\kucuk\Desktop\ses_verileri\Actor_01\03-01-04-02-02-01-01.wav,3
C:\Users\kucuk\Desktop\ses_verileri\Actor_01\03-01-04-02-02-02-01.wav,3
C:\Users\kucuk\Desktop\ses_verileri\Actor_01\03-01-05-01-01-01-01.wav,4
C:\Users\kucuk\Desktop\ses_verileri\Actor_01\03-01-05-01-01-02-01.wav,4
C:\Users\kucuk\Desktop\ses_verileri\Actor_01\03-01-05-01-02-01-01.wav,4
C:\Users\kucuk\Desktop\ses_verileri\Actor_01\03-01-05-01-02-02-01.wav,4
C:\Users\kucuk\Desktop\ses_verileri\Actor_01\03-01-05-02-01-01-01.wav,4
C:\Users\kucuk\Desktop\ses_verileri\Actor_01\03-01-05-02-01-02-01.wav,4
C:\Users\kucuk\Desktop\ses_verileri\Actor_01\03-01-05-02-02-01-01.wav,4
C:\Users\kucuk\Desktop\ses_verileri\Actor_01\03-01-05-02-02-02-01.wav,4
C:\Users\kucuk\Desktop\ses_verileri\Actor_01\03-01-06-01-01-01-01.wav,5
C:\Users\kucuk\Desktop\ses_verileri\Actor_01\03-01-06-01-01-02-01.wav,5
C:\Users\kucuk\Desktop\ses_verileri\Actor_01\03-01-06-01-02-01-01.wav,5
C:\Users\kucuk\Desktop\ses_verileri\Actor_01\03-01-06-01-02-02-01.wav,5
C:\Users\kucuk\Desktop\ses_verileri\Actor_01\03-01-06-02-01-01-01.wav,5
C:\Users\kucuk\Desktop\ses_verileri\Actor_01\03-01-06-02-01-02-01.wav,5
C:\Users\kucuk\Desktop\ses_verileri\Actor_01\03-01-06-02-02-01-01.wav,5
C:\Users\kucuk\Desktop\ses_verileri\Actor_01\03-01-06-02-02-02-01.wav,5
C:\Users\kucuk\Desktop\ses_verileri\Actor_01\03-01-07-01-01-01-01.wav,6
C:\Users\kucuk\Desktop\ses_verileri\Actor_01\03-01-07-01-01-02-01.wav,6
C:\Users\kucuk\Desktop\ses_verileri\Actor_01\03-01-07-01-02-01-01.wav,6
C:\Users\kucuk\Desktop\ses_verileri\Actor_01\03-01-07-01-02-02-01.wav,6
C:\Users\kucuk\Desktop\ses_verileri\Actor_01\03-01-07-02-01-01-01.wav,6
C:\Users\kucuk\Desktop\ses_verileri\Actor_01\03-01-07-02-01-02-01.wav,6
C:\Users\kucuk\Desktop\ses_verileri\Actor_01\03-01-07-02-02-01-01.wav,6
C:\Users\kucuk\Desktop\ses_verileri\Actor_01\03-01-07-02-02-02-01.wav,6
C:\Users\kucuk\Desktop\ses_verileri\Actor_01\03-01-08-01-01-01-01.wav,7
C:\Users\kucuk\Desktop\ses_verileri\Actor_01\03-01-08-01-01-02-01.wav,7
C:\Users\kucuk\Desktop\ses_verileri\Actor_01\03-01-08-01-02-01-01.wav,7
C:\Users\kucuk\Desktop\ses_verileri\Actor_01\03-01-08-01-02-02-01.wav,7
C:\Users\kucuk\Desktop\ses_verileri\Actor_01\03-01-08-02-01-01-01.wav,7
C:\Users\kucuk\Desktop\ses_verileri\Actor_01\03-01-08-02-01-02-01.wav,7
C:\Users\kucuk\Desktop\ses_verileri\Actor_01\03-01-08-02-02-01-01.wav,7
C:\Users\kucuk\Desktop\ses_verileri\Actor_01\03-01-08-02-02-02-01.wav,7
C:\Users\kucuk\Desktop\ses_verileri\Actor_02\03-01-01-01-01-01-02.wav,0
C:\Users\kucuk\Desktop\ses_verileri\Actor_02\03-01-01-01-01-02-02.wav,0
C:\Users\kucuk\Desktop\ses_verileri\Actor_02\03-01-01-01-02-01-02.wav,0
C:\Users\kucuk\Desktop\ses_verileri\Actor_02\03-01-01-01-02-02-02.wav,0
C:\Users\kucuk\Desktop\ses_verileri\Actor_02\03-01-02-01-01-01-02.wav,1
C:\Users\kucuk\Desktop\ses_verileri\Actor_02\03-01-02-01-01-02-02.wav,1
C:\Users\kucuk\Desktop\ses_verileri\Actor_02\03-01-02-01-02-01-02.wav,1
C:\Users\kucuk\Desktop\ses_verileri\Actor_02\03-01-02-01-02-02-02.wav,1
C:\Users\kucuk\Desktop\ses_verileri\Actor_02\03-01-02-02-01-01-02.wav,1
C:\Users\kucuk\Desktop\ses_verileri\Actor_02\03-01-02-02-01-02-02.wav,1
C:\Users\kucuk\Desktop\ses_verileri\Actor_02\03-01-02-02-02-01-02.wav,1
C:\Users\kucuk\Desktop\ses_verileri\Actor_02\03-01-02-02-02-02-02.wav,1
C:\Users\kucuk\Desktop\ses_verileri\Actor_02\03-01-03-01-01-01-02.wav,2
C:\Users\kucuk\Desktop\ses_verileri\Actor_02\03-01-03-01-01-02-02.wav,2
C:\Users\kucuk\Desktop\ses_verileri\Actor_02\03-01-03-01-02-01-02.wav,2
C:\Users\kucuk\Desktop\ses_verileri\Actor_02\03-01-03-01-02-02-02.wav,2
C:\Users\kucuk\Desktop\ses_verileri\Actor_02\03-01-03-02-01-01-02.wav,2
C:\Users\kucuk\Desktop\ses_verileri\Actor_02\03-01-03-02-01-02-02.wav,2
C:\Users\kucuk\Desktop\ses_verileri\Actor_02\03-01-03-02-02-01-02.wav,2
C:\Users\kucuk\Desktop\ses_verileri\Actor_02\03-01-03-02-02-02-02.wav,2
C:\Users\kucuk\Desktop\ses_verileri\Actor_02\03-01-04-01-01-01-02.wav,3
C:\Users\kucuk\Desktop\ses_verileri\Actor_02\03-01-04-01-01-02-02.wav,3
C:\Users\kucuk\Desktop\ses_verileri\Actor_02\03-01-04-01-02-01-02.wav,3
C:\Users\kucuk\Desktop\ses_verileri\Actor_02\03-01-04-01-02-02-02.wav,3
C:\Users\kucuk\Desktop\ses_verileri\Actor_02\03-01-04-02-01-01-02.wav,3
C:\Users\kucuk\Desktop\ses_verileri\Actor_02\03-01-04-02-01-02-02.wav,3
C:\Users\kucuk\Desktop\ses_verileri\Actor_02\03-01-04-02-02-01-02.wav,3
C:\Users\kucuk\Desktop\ses_verileri\Actor_02\03-01-04-02-02-02-02.wav,3
C:\Users\kucuk\Desktop\ses_verileri\Actor_02\03-01-05-01-01-01-02.wav,4
C:\Users\kucuk\Desktop\ses_verileri\Actor_02\03-01-05-01-01-02-02.wav,4
C:\Users\kucuk\Desktop\ses_verileri\Actor_02\03-01-05-01-02-01-02.wav,4
C:\Users\kucuk\Desktop\ses_verileri\Actor_02\03-01-05-01-02-02-02.wav,4
C:\Users\kucuk\Desktop\ses_verileri\Actor_02\03-01-05-02-01-01-02.wav,4
C:\Users\kucuk\Desktop\ses_verileri\Actor_02\03-01-05-02-01-02-02.wav,4
C:\Users\kucuk\Desktop\ses_verileri\Actor_02\03-01-05-02-02-01-02.wav,4
C:\Users\kucuk\Desktop\ses_verileri\Actor_02\03-01-05-02-02-02-02.wav,4
C:\Users\kucuk\Desktop\ses_verileri\Actor_02\03-01-06-01-01-01-02.wav,5
C:\Users\kucuk\Desktop\ses_verileri\Actor_02\03-01-06-01-01-02-02.wav,5
C:\Users\kucuk\Desktop\ses_verileri\Actor_02\03-01-06-01-02-01-02.wav,5
C:\Users\kucuk\Desktop\ses_verileri\Actor_02\03-01-06-01-02-02-02.wav,5
C:\Users\kucuk\Desktop\ses_verileri\Actor_02\03-01-06-02-01-01-02.wav,5
C:\Users\kucuk\Desktop\ses_verileri\Actor_02\03-01-06-02-01-02-02.wav,5
C:\Users\kucuk\Desktop\ses_verileri\Actor_02\03-01-06-02-02-01-02.wav,5
C:\Users\kucuk\Desktop\ses_verileri\Actor_02\03-01-06-02-02-02-02.wav,5
C:\Users\kucuk\Desktop\ses_verileri\Actor_02\03-01-07-01-01-01-02.wav,6
C:\Users\kucuk\Desktop\ses_verileri\Actor_02\03-01-07-01-01-02-02.wav,6
C:\Users\kucuk\Desktop\ses_verileri\Actor_02\03-01-07-01-02-01-02.wav,6
C:\Users\kucuk\Desktop\ses_verileri\Actor_02\03-01-07-01-02-02-02.wav,6
C:\Users\kucuk\Desktop\ses_verileri\Actor_02\03-01-07-02-01-01-02.wav,6
C:\Users\kucuk\Desktop\ses_verileri\Actor_02\03-01-07-02-01-02-02.wav,6
C:\Users\kucuk\Desktop\ses_verileri\Actor_02\03-01-07-02-02-01-02.wav,6
C:\Users\kucuk\Desktop\ses_verileri\Actor_02\03-01-07-02-02-02-02.wav,6
C:\Users\kucuk\Desktop\ses_verileri\Actor_02\03-01-08-01-01-01-02.wav,7
C:\Users\kucuk\Desktop\ses_verileri\Actor_02\03-01-08-01-01-02-02.wav,7
C:\Users\kucuk\Desktop\ses_verileri\Actor_02\03-01-08-01-02-01-02.wav,7
C:\Users\kucuk\Desktop\ses_verileri\Actor_02\03-01-08-01-02-02-02.wav,7
C:\Users\kucuk\Desktop\ses_verileri\Actor_02\03-01-08-02-01-01-02.wav,7
C:\Users\kucuk\Desktop\ses_verileri\Actor_02\03-01-08-02-01-02-02.wav,7
C:\Users\kucuk\Desktop\ses_verileri\Actor_02\03-01-08-02-02-01-02.wav,7
C:\Users\kucuk\Desktop\ses_verileri\Actor_02\03-01-08-02-02-02-02.wav,7
C:\Users\kucuk\Desktop\ses_verileri\Actor_03\03-01-01-01-01-01-03.wav,0
C:\Users\kucuk\Desktop\ses_verileri\Actor_03\03-01-01-01-01-02-03.wav,0
C:\Users\kucuk\Desktop\ses_verileri\Actor_03\03-01-01-01-02-01-03.wav,0
C:\Users\kucuk\Desktop\ses_verileri\Actor_03\03-01-01-01-02-02-03.wav,0
C:\Users\kucuk\Desktop\ses_verileri\Actor_03\03-01-02-01-01-01-03.wav,1
C:\Users\kucuk\Desktop\ses_verileri\Actor_03\03-01-02-01-01-02-03.wav,1
C:\Users\kucuk\Desktop\ses_verileri\Actor_03\03-01-02-01-02-01-03.wav,1
C:\Users\kucuk\Desktop\ses_verileri\Actor_03\03-01-02-01-02-02-03.wav,1
C:\Users\kucuk\Desktop\ses_verileri\Actor_03\03-01-02-02-01-01-03.wav,1
C:\Users\kucuk\Desktop\ses_verileri\Actor_03\03-01-02-02-01-02-03.wav,1
C:\Users\kucuk\Desktop\ses_verileri\Actor_03\03-01-02-02-02-01-03.wav,1
C:\Users\kucuk\Desktop\ses_verileri\Actor_03\03-01-02-02-02-02-03.wav,1
C:\Users\kucuk\Desktop\ses_verileri\Actor_03\03-01-03-01-01-01-03.wav,2
C:\Users\kucuk\Desktop\ses_verileri\Actor_03\03-01-03-01-01-02-03.wav,2
C:\Users\kucuk\Desktop\ses_verileri\Actor_03\03-01-03-01-02-01-03.wav,2
C:\Users\kucuk\Desktop\ses_verileri\Actor_03\03-01-03-01-02-02-03.wav,2
C:\Users\kucuk\Desktop\ses_verileri\Actor_03\03-01-03-02-01-01-03.wav,2
C:\Users\kucuk\Desktop\ses_verileri\Actor_03\03-01-03-02-01-02-03.wav,2
C:\Users\kucuk\Desktop\ses_verileri\Actor_03\03-01-03-02-02-01-03.wav,2
C:\Users\kucuk\Desktop\ses_verileri\Actor_03\03-01-03-02-02-02-03.wav,2
C:\Users\kucuk\Desktop\ses_verileri\Actor_03\03-01-04-01-01-01-03.wav,3
C:\Users\kucuk\Desktop\ses_verileri\Actor_03\03-01-04-01-01-02-03.wav,3
C:\Users\kucuk\Desktop\ses_verileri\Actor_03\03-01-04-01-02-01-03.wav,3
C:\Users\kucuk\Desktop\ses_verileri\Actor_03\03-01-04-01-02-02-03.wav,3
C:\Users\kucuk\Desktop\ses_verileri\Actor_03\03-01-04-02-01-01-03.wav,3
C:\Users\kucuk\Desktop\ses_verileri\Actor_03\03-01-04-02-01-02-03.wav,3
C:\Users\kucuk\Desktop\ses_verileri\Actor_03\03-01-04-02-02-01-03.wav,3
C:\Users\kucuk\Desktop\ses_verileri\Actor_03\03-01-04-02-02-02-03.wav,3
C:\Users\kucuk\Desktop\ses_verileri\Actor_03\03-01-05-01-01-01-03.wav,4
C:\Users\kucuk\Desktop\ses_verileri\Actor_03\03-01-05-01-01-02-03.wav,4
C:\Users\kucuk\Desktop\ses_verileri\Actor_03\03-01-05-01-02-01-03.wav,4
C:\Users\kucuk\Desktop\ses_verileri\Actor_03\03-01-05-01-02-02-03.wav,4
C:\Users\kucuk\Desktop\ses_verileri\Actor_03\03-01-05-02-01-01-03.wav,4
C:\Users\kucuk\Desktop\ses_verileri\Actor_03\03-01-05-02-01-02-03.wav,4
C:\Users\kucuk\Desktop\ses_verileri\Actor_03\03-01-05-02-02-01-03.wav,4
C:\Users\kucuk\Desktop\ses_verileri\Actor_03\03-01-05-02-02-02-03.wav,4
C:\Users\kucuk\Desktop\ses_verileri\Actor_03\03-01-06-01-01-01-03.wav,5
C:\Users\kucuk\Desktop\ses_verileri\Actor_03\03-01-06-01-01-02-03.wav,5
C:\Users\kucuk\Desktop\ses_verileri\Actor_03\03-01-06-01-02-01-03.wav,5
C:\Users\kucuk\Desktop\ses_verileri\Actor_03\03-01-06-01-02-02-03.wav,5
C:\Users\kucuk\Desktop\ses_verileri\Actor_03\03-01-06-02-01-01-03.wav,5
C:\Users\kucuk\Desktop\ses_verileri\Actor_03\03-01-06-02-01-02-03.wav,5
C:\Users\kucuk\Desktop\ses_verileri\Actor_03\03-01-06-02-02-01-03.wav,5
C:\Users\kucuk\Desktop\ses_verileri\Actor_03\03-01-06-02-02-02-03.wav,5
C:\Users\kucuk\Desktop\ses_verileri\Actor_03\03-01-07-01-01-01-03.wav,6
C:\Users\kucuk\Desktop\ses_verileri\Actor_03\03-01-07-01-01-02-03.wav,6
C:\Users\kucuk\Desktop\ses_verileri\Actor_03\03-01-07-01-02-01-03.wav,6
C:\Users\kucuk\Desktop\ses_verileri\Actor_03\03-01-07-01-02-02-03.wav,6
C:\Users\kucuk\Desktop\ses_verileri\Actor_03\03-01-07-02-01-01-03.wav,6
C:\Users\kucuk\Desktop\ses_verileri\Actor_03\03-01-07-02-01-02-03.wav,6
C:\Users\kucuk\Desktop\ses_verileri\Actor_03\03-01-07-02-02-01-03.wav,6
C:\Users\kucuk\Desktop\ses_verileri\Actor_03\03-01-07-02-02-02-03.wav,6
C:\Users\kucuk\Desktop\ses_verileri\Actor_03\03-01-08-01-01-01-03.wav,7
C:\Users\kucuk\Desktop\ses_verileri\Actor_03\03-01-08-01-01-02-03.wav,7
C:\Users\kucuk\Desktop\ses_verileri\Actor_03\03-01-08-01-02-01-03.wav,7
C:\Users\kucuk\Desktop\ses_verileri\Actor_03\03-01-08-01-02-02-03.wav,7
C:\Users\kucuk\Desktop\ses_verileri\Actor_03\03-01-08-02-01-01-03.wav,7
C:\Users\kucuk\Desktop\ses_verileri\Actor_03\03-01-08-02-01-02-03.wav,7
C:\Users\kucuk\Desktop\ses_verileri\Actor_03\03-01-08-02-02-01-03.wav,7
C:\Users\kucuk\Desktop\ses_verileri\Actor_03\03-01-08-02-02-02-03.wav,7
C:\Users\kucuk\Desktop\ses_verileri\Actor_04\03-01-01-01-01-01-04.wav,0
C:\Users\kucuk\Desktop\ses_verileri\Actor_04\03-01-01-01-01-02-04.wav,0
C:\Users\kucuk\Desktop\ses_verileri\Actor_04\03-01-01-01-02-01-04.wav,0
C:\Users\kucuk\Desktop\ses_verileri\Actor_04\03-01-01-01-02-02-04.wav,0
C:\Users\kucuk\Desktop\ses_verileri\Actor_04\03-01-02-01-01-01-04.wav,1
C:\Users\kucuk\Desktop\ses_verileri\Actor_04\03-01-02-01-01-02-04.wav,1
C:\Users\kucuk\Desktop\ses_verileri\Actor_04\03-01-02-01-02-01-04.wav,1
C:\Users\kucuk\Desktop\ses_verileri\Actor_04\03-01-02-01-02-02-04.wav,1
C:\Users\kucuk\Desktop\ses_verileri\Actor_04\03-01-02-02-01-01-04.wav,1
C:\Users\kucuk\Desktop\ses_verileri\Actor_04\03-01-02-02-01-02-04.wav,1
C:\Users\kucuk\Desktop\ses_verileri\Actor_04\03-01-02-02-02-01-04.wav,1
C:\Users\kucuk\Desktop\ses_verileri\Actor_04\03-01-02-02-02-02-04.wav,1
C:\Users\kucuk\Desktop\ses_verileri\Actor_04\03-01-03-01-01-01-04.wav,2
C:\Users\kucuk\Desktop\ses_verileri\Actor_04\03-01-03-01-01-02-04.wav,2
C:\Users\kucuk\Desktop\ses_verileri\Actor_04\03-01-03-01-02-01-04.wav,2
C:\Users\kucuk\Desktop\ses_verileri\Actor_04\03-01-03-01-02-02-04.wav,2
C:\Users\kucuk\Desktop\ses_verileri\Actor_04\03-01-03-02-01-01-04.wav,2
C:\Users\kucuk\Desktop\ses_verileri\Actor_04\03-01-03-02-01-02-04.wav,2
C:\Users\kucuk\Desktop\ses_verileri\Actor_04\03-01-03-02-02-01-04.wav,2
C:\Users\kucuk\Desktop\ses_verileri\Actor_04\03-01-03-02-02-02-04.wav,2
C:\Users\kucuk\Desktop\ses_verileri\Actor_04\03-01-04-01-01-01-04.wav,3
C:\Users\kucuk\Desktop\ses_verileri\Actor_04\03-01-04-01-01-02-04.wav,3
C:\Users\kucuk\Desktop\ses_verileri\Actor_04\03-01-04-01-02-01-04.wav,3
C:\Users\kucuk\Desktop\ses_verileri\Actor_04\03-01-04-01-02-02-04.wav,3
C:\Users\kucuk\Desktop\ses_verileri\Actor_04\03-01-04-02-01-01-04.wav,3
C:\Users\kucuk\Desktop\ses_verileri\Actor_04\03-01-04-02-01-02-04.wav,3
C:\Users\kucuk\Desktop\ses_verileri\Actor_04\03-01-04-02-02-01-04.wav,3
C:\Users\kucuk\Desktop\ses_verileri\Actor_04\03-01-04-02-02-02-04.wav,3
C:\Users\kucuk\Desktop\ses_verileri\Actor_04\03-01-05-01-01-01-04.wav,4
C:\Users\kucuk\Desktop\ses_verileri\Actor_04\03-01-05-01-01-02-04.wav,4
C:\Users\kucuk\Desktop\ses_verileri\Actor_04\03-01-05-01-02-01-04.wav,4
C:\Users\kucuk\Desktop\ses_verileri\Actor_04\03-01-05-01-02-02-04.wav,4
C:\Users\kucuk\Desktop\ses_verileri\Actor_04\03-01-05-02-01-01-04.wav,4
C:\Users\kucuk\Desktop\ses_verileri\Actor_04\03-01-05-02-01-02-04.wav,4
C:\Users\kucuk\Desktop\ses_verileri\Actor_04\03-01-05-02-02-01-04.wav,4
C:\Users\kucuk\Desktop\ses_verileri\Actor_04\03-01-05-02-02-02-04.wav,4
C:\Users\kucuk\Desktop\ses_verileri\Actor_04\03-01-06-01-01-01-04.wav,5
C:\Users\kucuk\Desktop\ses_verileri\Actor_04\03-01-06-01-01-02-04.wav,5
C:\Users\kucuk\Desktop\ses_verileri\Actor_04\03-01-06-01-02-01-04.wav,5
C:\Users\kucuk\Desktop\ses_verileri\Actor_04\03-01-06-01-02-02-04.wav,5
C:\Users\kucuk\Desktop\ses_verileri\Actor_04\03-01-06-02-01-01-04.wav,5
C:\Users\kucuk\Desktop\ses_verileri\Actor_04\03-01-06-02-01-02-04.wav,5
C:\Users\kucuk\Desktop\ses_verileri\Actor_04\03-01-06-02-02-01-04.wav,5
C:\Users\kucuk\Desktop\ses_verileri\Actor_04\03-01-06-02-02-02-04.wav,5
C:\Users\kucuk\Desktop\ses_verileri\Actor_04\03-01-07-01-01-01-04.wav,6
C:\Users\kucuk\Desktop\ses_verileri\Actor_04\03-01-07-01-01-02-04.wav,6
C:\Users\kucuk\Desktop\ses_verileri\Actor_04\03-01-07-01-02-01-04.wav,6
C:\Users\kucuk\Desktop\ses_verileri\Actor_04\03-01-07-01-02-02-04.wav,6
C:\Users\kucuk\Desktop\ses_verileri\Actor_04\03-01-07-02-01-01-04.wav,6
C:\Users\kucuk\Desktop\ses_verileri\Actor_04\03-01-07-02-01-02-04.wav,6
C:\Users\kucuk\Desktop\ses_verileri\Actor_04\03-01-07-02-02-01-04.wav,6
C:\Users\kucuk\Desktop\ses_verileri\Actor_04\03-01-07-02-02-02-04.wav,6
C:\Users\kucuk\Desktop\ses_verileri\Actor_04\03-01-08-01-01-01-04.wav,7
C:\Users\kucuk\Desktop\ses_verileri\Actor_04\03-01-08-01-01-02-04.wav,7
C:\Users\kucuk\Desktop\ses_verileri\Actor_04\03-01-08-01-02-01-04.wav,7
C:\Users\kucuk\Desktop\ses_verileri\Actor_04\03-01-08-01-02-02-04.wav,7
C:\Users\kucuk\Desktop\ses_verileri\Actor_04\03-01-08-02-01-01-04.wav,7
C:\Users\kucuk\Desktop\ses_verileri\Actor_04\03-01-08-02-01-02-04.wav,7
C:\Users\kucuk\Desktop\ses_verileri\Actor_04\03-01-08-02-02-01-04.wav,7
C:\Users\kucuk\Desktop\ses_verileri\Actor_04\03-01-08-02-02-02-04.wav,7
C:\Users\kucuk\Desktop\ses_verileri\Actor_05\03-01-01-01-01-01-05.wav,0
C:\Users\kucuk\Desktop\ses_verileri\Actor_05\03-01-01-01-01-02-05.wav,0
C:\Users\kucuk\Desktop\ses_verileri\Actor_05\03-01-01-01-02-01-05.wav,0
C:\Users\kucuk\Desktop\ses_verileri\Actor_05\03-01-01-01-02-02-05.wav,0
C:\Users\kucuk\Desktop\ses_verileri\Actor_05\03-01-02-01-01-01-05.wav,1
C:\Users\kucuk\Desktop\ses_verileri\Actor_05\03-01-02-01-01-02-05.wav,1
C:\Users\kucuk\Desktop\ses_verileri\Actor_05\03-01-02-01-02-01-05.wav,1
C:\Users\kucuk\Desktop\ses_verileri\Actor_05\03-01-02-01-02-02-05.wav,1
C:\Users\kucuk\Desktop\ses_verileri\Actor_05\03-01-02-02-01-01-05.wav,1
C:\Users\kucuk\Desktop\ses_verileri\Actor_05\03-01-02-02-01-02-05.wav,1
C:\Users\kucuk\Desktop\ses_verileri\Actor_05\03-01-02-02-02-01-05.wav,1
C:\Users\kucuk\Desktop\ses_verileri\Actor_05\03-01-02-02-02-02-05.wav,1
C:\Users\kucuk\Desktop\ses_verileri\Actor_05\03-01-03-01-01-01-05.wav,2
C:\Users\kucuk\Desktop\ses_verileri\Actor_05\03-01-03-01-01-02-05.wav,2
C:\Users\kucuk\Desktop\ses_verileri\Actor_05\03-01-03-01-02-01-05.wav,2
C:\Users\kucuk\Desktop\ses_verileri\Actor_05\03-01-03-01-02-02-05.wav,2
C:\Users\kucuk\Desktop\ses_verileri\Actor_05\03-01-03-02-01-01-05.wav,2
C:\Users\kucuk\Desktop\ses_verileri\Actor_05\03-01-03-02-01-02-05.wav,2
C:\Users\kucuk\Desktop\ses_verileri\Actor_05\03-01-03-02-02-01-05.wav,2
C:\Users\kucuk\Desktop\ses_verileri\Actor_05\03-01-03-02-02-02-05.wav,2
C:\Users\kucuk\Desktop\ses_verileri\Actor_05\03-01-04-01-01-01-05.wav,3
C:\Users\kucuk\Desktop\ses_verileri\Actor_05\03-01-04-01-01-02-05.wav,3
C:\Users\kucuk\Desktop\ses_verileri\Actor_05\03-01-04-01-02-01-05.wav,3
C:\Users\kucuk\Desktop\ses_verileri\Actor_05\03-01-04-01-02-02-05.wav,3
C:\Users\kucuk\Desktop\ses_verileri\Actor_05\03-01-04-02-01-01-05.wav,3
C:\Users\kucuk\Desktop\ses_verileri\Actor_05\03-01-04-02-01-02-05.wav,3
C:\Users\kucuk\Desktop\ses_verileri\Actor_05\03-01-04-02-02-01-05.wav,3
C:\Users\kucuk\Desktop\ses_verileri\Actor_05\03-01-04-02-02-02-05.wav,3
C:\Users\kucuk\Desktop\ses_verileri\Actor_05\03-01-05-01-01-01-05.wav,4
C:\Users\kucuk\Desktop\ses_verileri\Actor_05\03-01-05-01-01-02-05.wav,4
C:\Users\kucuk\Desktop\ses_verileri\Actor_05\03-01-05-01-02-01-05.wav,4
C:\Users\kucuk\Desktop\ses_verileri\Actor_05\03-01-05-01-02-02-05.wav,4
C:\Users\kucuk\Desktop\ses_verileri\Actor_05\03-01-05-02-01-01-05.wav,4
C:\Users\kucuk\Desktop\ses_verileri\Actor_05\03-01-05-02-01-02-05.wav,4
C:\Users\kucuk\Desktop\ses_verileri\Actor_05\03-01-05-02-02-01-05.wav,4
C:\Users\kucuk\Desktop\ses_verileri\Actor_05\03-01-05-02-02-02-05.wav,4
C:\Users\kucuk\Desktop\ses_verileri\Actor_05\03-01-06-01-01-01-05.wav,5
C:\Users\kucuk\Desktop\ses_verileri\Actor_05\03-01-06-01-01-02-05.wav,5
C:\Users\kucuk\Desktop\ses_verileri\Actor_05\03-01-06-01-02-01-05.wav,5
C:\Users\kucuk\Desktop\ses_verileri\Actor_05\03-01-06-01-02-02-05.wav,5
C:\Users\kucuk\Desktop\ses_verileri\Actor_05\03-01-06-02-01-01-05.wav,5
C:\Users\kucuk\Desktop\ses_verileri\Actor_05\03-01-06-02-01-02-05.wav,5
C:\Users\kucuk\Desktop\ses_verileri\Actor_05\03-01-06-02-02-01-05.wav,5
C:\Users\kucuk\Desktop\ses_verileri\Actor_05\03-01-06-02-02-02-05.wav,5
C:\Users\kucuk\Desktop\ses_verileri\Actor_05\03-01-07-01-01-01-05.wav,6
C:\Users\kucuk\Desktop\ses_verileri\Actor_05\03-01-07-01-01-02-05.wav,6
C:\Users\kucuk\Desktop\ses_verileri\Actor_05\03-01-07-01-02-01-05.wav,6
C:\Users\kucuk\Desktop\ses_verileri\Actor_05\03-01-07-01-02-02-05.wav,6
C:\Users\kucuk\Desktop\ses_verileri\Actor_05\03-01-07-02-01-01-05.wav,6
C:\Users\kucuk\Desktop\ses_verileri\Actor_05\03-01-07-02-01-02-05.wav,6
C:\Users\kucuk\Desktop\ses_verileri\Actor_05\03-01-07-02-02-01-05.wav,6
C:\Users\kucuk\Desktop\ses_verileri\Actor_05\03-01-07-02-02-02-05.wav,6
C:\Users\kucuk\Desktop\ses_verileri\Actor_05\03-01-08-01-01-01-05.wav,7
C:\Users\kucuk\Desktop\ses_verileri\Actor_05\03-01-08-01-01-02-05.wav,7
C:\Users\kucuk\Desktop\ses_verileri\Actor_05\03-01-08-01-02-01-05.wav,7
C:\Users\kucuk\Desktop\ses_verileri\Actor_05\03-01-08-01-02-02-05.wav,7
C:\Users\kucuk\Desktop\ses_verileri\Actor_05\03-01-08-02-01-01-05.wav,7
C:\Users\kucuk\Desktop\ses_verileri\Actor_05\03-01-08-02-01-02-05.wav,7
C:\Users\kucuk\Desktop\ses_verileri\Actor_05\03-01-08-02-02-01-05.wav,7
C:\Users\kucuk\Desktop\ses_verileri\Actor_05\03-01-08-02-02-02-05.wav,7
